,HRV_ULF,HRV_VLF,HRV_LF,HRV_HF,HRV_VHF,HRV_LFHF,HRV_LFn,HRV_HFn,HRV_LnHF
0,,,0.017354074592267746,0.04523858777570573,0.009341637502988265,0.38361220907933213,0.24124895388428177,0.628887580151003,-3.0958048444967488
