,HRV_ULF,HRV_VLF,HRV_LF,HRV_HF,HRV_VHF,HRV_LFHF,HRV_LFn,HRV_HFn,HRV_LnHF
0,,,0.029645991731960968,0.13860244462685348,0.020205458952881367,0.21389227161017343,0.15731164210178616,0.7354713703190381,-1.976145554381496
