,HRV_ULF,HRV_VLF,HRV_LF,HRV_HF,HRV_VHF,HRV_LFHF,HRV_LFn,HRV_HFn,HRV_LnHF
0,,,0.014371814916148746,0.12090852109653794,0.03263021866452323,0.1188651948250508,0.08559208766701427,0.7200769560256152,-2.112721043311214
