,HRV_ULF,HRV_VLF,HRV_LF,HRV_HF,HRV_VHF,HRV_LFHF,HRV_LFn,HRV_HFn,HRV_LnHF
0,,,0.04604186640486552,0.11164942897793707,0.05725351315323335,0.4123788793757629,0.21420320275912366,0.5194330104475113,-2.192391415102805
