,shannon,SampEn
0,1.0869156652942389,0.20959063065162217
1,"{'Symbolization': 3, 'Base': 2}","{'Dimension': 2, 'Delay': 1, 'Tolerance': 0.023573614022437694}"
