,HRV_ULF,HRV_VLF,HRV_LF,HRV_HF,HRV_VHF,HRV_LFHF,HRV_LFn,HRV_HFn,HRV_LnHF
0,,,0.021581254840489186,0.1338403302592666,0.03649183863056233,0.16124627605657738,0.11245307608505668,0.6973995234817061,-2.011107754738871
