,HRV_ULF,HRV_VLF,HRV_LF,HRV_HF,HRV_VHF,HRV_LFHF,HRV_LFn,HRV_HFn,HRV_LnHF
0,,,0.022446135478034174,0.09111949425095428,0.058667394888001635,0.24633735802148726,0.13032422514758504,0.5290477505901369,-2.3955835102212752
