,HRV_ULF,HRV_VLF,HRV_LF,HRV_HF,HRV_VHF,HRV_LFHF,HRV_LFn,HRV_HFn,HRV_LnHF
0,,,0.03277057133459548,0.11987770780415977,0.02435997385723011,0.2733666828876281,0.18513583847041717,0.6772436074315623,-2.1212831574692332
