,HRV_ULF,HRV_VLF,HRV_LF,HRV_HF,HRV_VHF,HRV_LFHF,HRV_LFn,HRV_HFn,HRV_LnHF
0,,,0.04529201750239134,0.0346921019399545,0.009030724844377759,1.3055426154570657,0.508814208071884,0.38973389458738583,-3.3612432277359474
