,HRV_ULF,HRV_VLF,HRV_LF,HRV_HF,HRV_VHF,HRV_LFHF,HRV_LFn,HRV_HFn,HRV_LnHF
0,,,0.05647439031767828,0.11109425650688146,0.012364616839961458,0.5083466246896401,0.313862979904442,0.617419226686248,-2.1973762802805963
