,shannon,SampEn
0,0.9592718945996115,0.13384582936475833
1,"{'Symbolization': 3, 'Base': 2}","{'Dimension': 2, 'Delay': 1, 'Tolerance': 0.35988446887019615}"
