,HRV_ULF,HRV_VLF,HRV_LF,HRV_HF,HRV_VHF,HRV_LFHF,HRV_LFn,HRV_HFn,HRV_LnHF
0,,,0.03249053882104842,0.0892858856895305,0.029368058441301702,0.3638933362214293,0.21496344548277246,0.5907320197585786,-2.41591185858015
